<?xml version='1.0' encoding='UTF-8'?>
<?artifactRepository version='1.1.0'?>
<repository name='file:/C:/Users/AHQ/smb-connector/target/update-site/ - artifacts' type='org.eclipse.equinox.p2.artifact.repository.simpleRepository' version='1'>
  <properties size='2'>
    <property name='p2.timestamp' value='1500392213149'/>
    <property name='p2.compressed' value='false'/>
  </properties>
  <mappings size='3'>
    <rule filter='(&amp; (classifier=osgi.bundle))' output='${repoUrl}/plugins/${id}_${version}.jar'/>
    <rule filter='(&amp; (classifier=binary))' output='${repoUrl}/binary/${id}_${version}'/>
    <rule filter='(&amp; (classifier=org.eclipse.update.feature))' output='${repoUrl}/features/${id}_${version}.jar'/>
  </mappings>
  <artifacts size='2'>
    <artifact classifier='osgi.bundle' id='org.mule.tooling.ui.contribution.smb.3.5.0' version='1.0.0.201707181636'>
      <properties size='3'>
        <property name='artifact.size' value='434903'/>
        <property name='download.size' value='434903'/>
        <property name='download.md5' value='3f61f8957fa0a3a4120b76ea56422f16'/>
      </properties>
    </artifact>
    <artifact classifier='org.eclipse.update.feature' id='org.mule.tooling.ui.extension.smb.3.5.0' version='1.0.0.201707181636'>
      <properties size='4'>
        <property name='artifact.size' value='639'/>
        <property name='download.size' value='639'/>
        <property name='download.md5' value='1c846f91b8c9d206f90020fcd98b3e47'/>
        <property name='download.contentType' value='application/zip'/>
      </properties>
    </artifact>
  </artifacts>
</repository>
